"Ticker","Company Name","2015","2014","2013","2012","2011","2010","2009","2008"
"A","Agilent Technologies Inc.","13,888.1","13,755.8","19,068.3","14,212.7","12,142.5","14,293.4","10,812.4","5,396.4"
"AA","Alcoa Inc.","12,931.0","19,211.1","11,384.8","9,263.4","9,207.2","15,729.0","15,707.0","9,011.6"
"AAL","American Airlines Group","26,694.3","37,405.6","6,592.0","N/A","N/A","N/A","N/A","N/A"
"AAP","Advance Auto Parts Inc","11,022.9","11,639.2","8,061.9","5,309.3","5,069.0","5,421.4","3,789.9","3,191.8"
"AAPL","Apple Inc.","586,859.3","643,120.1","500,680.6","499,693.3","377,546.7","297,089.0","190,980.8","75,996.9"
"ABBV","AbbVie Inc.","96,842.4","104,140.5","83,828.5","N/A","N/A","N/A","N/A","N/A"
"ABC","AmerisourceBergen Corp.","21,326.2","19,775.8","16,206.0","9,927.9","9,609.6","9,338.7","7,399.3","5,466.8"
"ABI","Applied Biosystems Inc.","N/A","N/A","N/A","N/A","N/A","N/A","N/A","N/A"
"ABK","Ambac Financial Group Inc.","N/A","N/A","N/A","N/A","N/A","N/A","238.7","373.4"
"ABT","Abbott Laboratories","66,993.1","67,891.7","59,338.6","103,271.7","88,302.4","74,116.0","83,747.6","82,853.3"
"ACAS","American Capital Ltd.","N/A","3,899.4","4,225.9","3,658.9","2,214.8","2,588.5","685.4","663.2"
"ACE","ACE Limited","37,880.5","37,756.5","35,178.9","27,157.6","23,625.3","20,850.2","16,960.9","17,656.5"
"ACN","Accenture plc","65,292.1","56,098.2","52,373.3","42,848.2","34,450.9","31,064.0","26,245.6","19,915.0"
"ACS","ACS Inc.","N/A","N/A","N/A","N/A","N/A","N/A","5,828.3","4,469.0"
"ADBE","Adobe Systems Inc.","46,857.2","36,167.1","29,716.1","18,618.9","13,895.8","15,448.4","19,223.3","11,200.9"
"ADI","Analog Devices Inc.","17,263.2","17,301.5","15,917.1","12,869.7","10,656.4","11,286.3","9,401.1","5,539.2"
"ADM","Archer-Daniels-Midland Co.","21,888.4","33,124.0","28,600.6","18,038.1","18,933.2","19,161.0","20,132.3","18,505.7"
"ADP","ADP, LLC.","39,073.5","39,775.8","38,897.1","27,594.0","26,416.3","22,871.6","21,534.2","19,827.4"
"ADS","Alliance Data Systems Corp.","16,908.9","18,253.4","13,554.0","7,180.5","5,174.3","3,648.9","3,371.5","2,922.4"
"ADSK","Autodesk Inc.","13,728.9","13,633.6","11,407.5","7,904.3","6,851.5","8,671.4","5,815.9","4,447.9"
"ADT","ADT Corp.","5,439.6","6,222.1","7,416.7","10,822.1","N/A","N/A","N/A","N/A"
"AEE","Ameren Corp.","10,489.1","11,191.1","8,772.4","7,452.7","8,037.3","6,776.9","6,635.3","7,061.1"
"AEP","American Electric Power","28,599.9","29,716.5","22,798.7","20,728.3","19,970.2","17,299.4","16,631.5","13,514.0"
"AES","AES Corp.","6,439.3","9,692.0","10,483.6","7,963.6","9,059.8","9,593.1","8,886.8","5,461.4"
"AET","Aetna Inc.","37,701.4","31,072.7","24,843.3","15,171.2","14,753.8","11,728.0","13,656.4","13,004.6"
"AFL","AFLAC Inc.","25,561.7","27,029.0","30,688.8","24,848.8","20,172.6","26,503.0","21,671.3","21,389.6"
"AGN","Allergan, Plc","123,193.4","68,445.3","29,262.6","10,982.2","7,675.2","6,497.6","4,887.9","2,779.4"
"AGN (Old)","Allergan Inc. (Old)","N/A","63,613.9","33,058.2","27,548.7","26,784.6","20,980.4","19,182.3","12,260.8"
"AIG","AIG, Inc.","76,657.7","77,065.7","74,740.4","52,114.2","44,006.2","40,062.8","20,044.7","4,222.8"
"AIV","Aimco","6,261.7","5,438.9","3,780.7","3,939.0","2,770.2","3,039.9","1,854.4","1,341.9"
"AIZ","Assurant Inc.","5,302.7","4,742.2","4,767.2","2,729.6","3,634.8","3,929.0","3,438.8","3,521.1"
"AKAM","Akamai Technologies Inc.","9,364.9","11,225.8","8,425.5","7,273.1","5,729.9","8,779.7","4,339.4","2,555.8"
"AKS","AK Steel Holding Corp.","N/A","1,052.7","1,118.3","625.3","910.9","1,800.5","2,335.6","1,028.9"
"ALL","Allstate Corp.","24,047.8","29,364.5","24,488.5","19,241.4","13,732.4","16,992.0","16,131.5","17,559.4"
"ALLE","Allegion","6,322.5","5,314.8","4,243.5","N/A","N/A","N/A","N/A","N/A"
"ALTR","Altera Corp.","N/A","11,171.8","10,330.7","10,989.8","11,948.2","11,367.6","6,717.0","4,891.6"
"ALXN","Alexion Pharmaceuticals","42,980.6","36,831.3","26,171.5","18,250.3","13,264.6","7,369.8","4,345.0","2,948.6"
"AMAT","Applied Materials Inc.","21,454.3","30,626.7","21,411.7","13,728.5","13,827.9","18,537.7","18,725.2","13,466.3"
"AMD","Advanced Micro Devices","N/A","2,071.9","2,805.8","1,711.2","3,769.2","5,586.9","6,495.3","1,315.4"
"AME","Ametek","12,748.1","12,701.5","12,904.5","9,144.4","6,751.7","6,307.8","4,125.5","3,224.2"
"AMG","Affiliated Managers Group","8,633.0","11,588.3","11,473.0","6,793.8","4,931.8","5,120.2","2,852.3","1,655.8"
"AMGN","Amgen Inc.","122,450.1","121,124.1","86,084.8","65,193.1","51,085.5","51,166.8","56,287.2","60,464.3"
"AMP","Ameriprise Financial","18,529.0","24,216.3","22,103.2","12,773.0","11,017.3","14,197.5","9,902.8","5,057.7"
"AMT","American Tower Corp.","41,065.1","39,213.7","31,518.0","30,528.7","23,622.5","20,587.7","17,353.0","11,639.4"
"AMZN","Amazon.com Inc.","316,831.5","144,312.8","183,044.6","113,895.0","78,760.5","81,180.0","59,726.9","21,947.8"
"AN","AutoNation Inc.","6,599.9","6,845.2","6,008.3","4,798.0","5,006.4","4,183.9","3,288.6","1,747.3"
"ANF","Abercrombie & Fitch","N/A","1,986.2","2,514.4","3,763.0","4,182.6","5,028.0","3,066.3","2,021.8"
"ANR","Alpha Natural Resources","N/A","370.1","1,578.0","2,149.0","4,491.0","7,233.1","5,226.1","1,141.6"
"ANTM","Anthem Inc.","36,403.6","33,693.4","27,095.6","18,563.2","22,483.5","21,478.1","26,218.3","21,201.1"
"AON","Aon plc","25,257.9","26,552.4","25,225.7","17,289.1","15,200.6","15,289.1","10,209.9","12,429.5"
"APA","Apache Corporation","16,810.3","23,595.6","34,012.7","30,743.8","34,793.4","45,592.6","34,710.2","24,945.9"
"APC","Anadarko Petroleum Corp.","24,685.6","41,794.5","39,953.5","37,192.2","38,042.9","37,790.6","30,748.1","17,729.1"
"APD","Air Products & Chemicals","28,037.4","30,904.7","23,660.8","17,444.7","17,941.5","19,547.0","17,197.1","10,539.3"
"APH","Amphenol Corp.","16,100.5","16,674.9","14,108.8","10,342.8","7,404.1","9,265.6","7,998.8","4,105.0"
"APOL","Apollo Group Inc.","N/A","3,714.5","3,095.4","2,348.1","7,028.9","5,835.4","9,373.9","12,178.4"
"ARG","Airgas Inc.","9,987.0","8,641.6","8,257.8","6,989.2","5,948.9","5,253.1","3,912.2","3,162.8"
"ASH","Ashland Inc.","N/A","8,383.2","7,472.1","6,352.4","4,458.5","4,017.9","2,971.5","662.1"
"ATI","Allegheny Technologies Inc.","N/A","3,779.9","3,847.4","3,260.6","5,083.8","5,437.5","4,390.6","2,484.9"
"ATVI","Activision Blizzard Inc","28,304.1","14,546.9","12,547.1","11,805.3","13,963.4","14,720.5","13,892.3","11,337.7"
"AW","Allied Waste Industries Inc.","N/A","N/A","N/A","N/A","N/A","N/A","N/A","N/A"
"AVB","AvalonBay Communities","25,203.2","21,575.6","15,301.0","15,511.9","12,430.0","9,667.9","6,694.3","4,671.9"
"AVGO","Avago Technologies","40,132.5","25,780.2","13,202.7","7,788.7","7,034.9","6,915.8","4,317.4","N/A"
"AVP","Avon Products","N/A","4,081.8","7,471.8","6,206.4","7,526.1","12,482.4","13,465.6","10,245.2"
"AVY","Avery Dennison Corp","5,708.5","4,693.0","4,827.2","3,489.0","3,047.8","4,462.3","3,842.9","3,219.6"
"AXP","American Express Co","68,454.3","95,179.9","96,536.7","63,515.4","54,905.9","51,375.2","48,299.8","21,518.0"
"AYE","Allegheny Energy Inc.","N/A","N/A","N/A","N/A","N/A","4,120.1","3,981.5","5,734.7"
"AZO","AutoZone Inc","22,617.1","19,748.4","16,110.9","12,876.8","12,790.8","11,937.3","7,823.8","8,014.6"
"BA","Boeing Co.","96,873.0","92,666.6","102,565.8","56,827.2","54,516.2","47,873.4","39,330.8","30,075.3"
"BAC","Bank of America Corp.","175,242.0","188,139.3","166,071.7","125,133.5","56,355.4","134,535.9","130,273.1","70,647.5"
"BAX","Baxter International Inc.","20,868.7","39,750.9","37,768.3","36,410.6","27,756.8","29,396.7","35,265.0","33,011.1"
"BBBY","Bed Bath & Beyond","8,052.5","14,137.2","17,098.0","12,643.3","13,985.0","12,520.1","10,116.0","6,602.2"
"BBT","BB&T Corp.","29,497.5","28,027.9","26,371.1","20,369.1","17,547.1","18,255.3","17,499.0","15,357.0"
"BBY","Best Buy Co. Inc.","10,435.8","13,700.2","13,828.4","4,008.6","8,272.8","13,512.6","16,495.5","11,621.5"
"BC","Brunswick Corp.","N/A","4,751.5","4,256.4","2,607.4","1,609.2","1,661.5","1,121.8","369.4"
"BCR","C. R. Bard, Inc","13,997.0","12,478.7","10,371.8","7,985.1","7,228.4","7,798.1","7,471.9","8,374.9"
"BDK","Black & Decker","N/A","N/A","N/A","N/A","N/A","N/A","3,996.4","2,512.5"
"BDX","Becton Dickinson","32,472.5","26,911.0","21,432.5","15,313.5","15,960.5","19,122.9","18,684.1","16,481.0"
"BEAM","Beam Inc.","N/A","N/A","11,137.0","9,781.7","7,988.8","9,231.0","6,499.6","6,196.2"
"BEN","Franklin Resources","22,146.8","34,463.8","36,422.8","26,714.3","20,744.0","24,832.5","24,041.4","14,855.5"
"BF.B","Brown-Forman Corp.","11,597.8","18,509.7","16,116.7","13,510.9","11,433.4","10,107.8","7,868.6","7,747.3"
"BHI","Baker Hughes Inc","20,125.4","24,334.4","24,203.9","18,014.9","21,255.7","24,697.4","12,629.8","9,909.6"
"BIG","Big Lots Inc.","N/A","2,117.5","1,858.2","1,629.9","2,401.9","2,250.8","2,374.1","1,178.3"
"BIIB","Biogen Idec, Inc.","68,286.3","79,622.4","66,071.3","34,628.5","26,644.8","16,128.1","14,704.7","13,719.6"
"BJS","BJ Services Co.","N/A","N/A","N/A","N/A","N/A","N/A","5,434.1","3,433.7"
"BK","BNY Mellon","45,051.5","45,366.5","39,910.2","29,901.7","24,084.6","37,494.2","33,783.1","32,536.1"
"BLK","BlackRock","55,842.9","59,684.6","53,396.4","35,392.1","31,781.8","36,437.4","43,840.5","17,425.5"
"BLL","Ball Corp","9,914.6","9,337.0","7,341.8","6,700.4","5,724.9","5,857.7","4,860.8","3,898.3"
"BMC","BMC Software","N/A","N/A","N/A","5,701.3","5,300.5","8,353.2","7,294.2","4,970.3"
"BMS","Bemis","N/A","4,439.6","4,173.8","3,453.1","3,097.8","3,516.6","3,208.8","2,361.1"
"BMY","Bristol-Myers Squibb","114,761.4","98,048.8","87,644.4","53,382.4","59,555.6","45,121.9","43,278.5","46,011.8"
"BNI","Burlington Northern","N/A","N/A","N/A","N/A","N/A","N/A","33,603.7","25,679.4"
"BRCM","Broadcom Corp.","32,437.0","25,954.7","17,226.7","18,896.5","16,001.2","23,460.3","15,595.1","8,298.6"
"BRK.B","Berkshire Hathaway","325,485.6","350,649.9","277,110.3","209,574.5","179,157.5","187,814.1","145,221.5","142,264.5"
"BRL","Barr Pharmaceuticals Inc.","N/A","N/A","N/A","N/A","N/A","N/A","N/A","N/A"
"BSC","Bear Stearns Inc.","N/A","N/A","N/A","N/A","N/A","N/A","N/A","N/A"
"BSX","Boston Scientific","24,805.4","17,588.7","15,894.0","7,768.2","7,738.0","11,512.3","13,596.8","11,622.7"
"BTU","Peabody Energy","N/A","2,103.0","5,275.1","7,147.4","8,976.1","17,289.7","12,125.5","6,066.2"
"BUD","Anheuser-Busch Inc.","N/A","N/A","N/A","N/A","N/A","N/A","N/A","N/A"
"BWA","BorgWarner Inc","9,689.8","12,442.3","12,743.7","8,277.3","6,916.7","8,127.2","3,881.4","2,515.1"
"BXLT","Baxalta","26,481.4","N/A","N/A","N/A","N/A","N/A","N/A","N/A"
"BXP","Boston Properties","19,587.1","19,704.2","15,354.9","16,040.9","14,751.6","12,071.1","9,314.7","6,665.0"
"C","Citigroup Inc.","154,162.7","163,624.2","157,853.9","119,822.7","76,927.2","137,446.0","94,279.6","36,570.0"
"CA","CA, Inc.","12,530.5","13,547.4","14,912.7","9,907.8","9,703.9","12,320.0","11,565.0","9,527.8"
"CAG","ConAgra Foods Inc.","18,251.5","15,452.3","14,167.7","11,907.6","10,874.5","9,833.7","10,212.1","7,377.0"
"CAH","Cardinal Health Inc.","29,368.1","26,640.9","22,915.8","14,042.4","14,034.8","13,385.5","11,648.3","12,395.4"
"CAM","Cameron Int'l Corp.","12,078.5","9,738.9","13,181.6","13,928.5","12,077.7","12,373.8","10,226.7","4,446.3"
"CAT","Caterpillar Inc.","39,568.6","55,482.5","57,920.6","58,698.9","58,666.5","59,832.2","35,603.0","26,870.2"
"CB","Chubb Corp.","30,116.7","24,049.4","23,993.8","19,716.0","18,859.8","17,729.4","16,328.2","17,965.0"
"CBE","Cooper Industries","N/A","N/A","N/A","N/A","8,572.8","9,567.2","7,134.4","4,878.7"
"CBG","CBRE Group","11,555.5","11,404.9","8,729.7","6,568.6","4,991.7","6,627.2","4,366.4","1,133.3"
"CBH","Commerce Bancorp","N/A","N/A","N/A","N/A","N/A","N/A","N/A","N/A"
"CBS","CBS Corp.","20,440.4","28,057.4","37,989.0","23,971.5","17,668.1","12,957.8","9,480.9","5,493.9"
"CC","Circuit City Stores Inc.","N/A","N/A","N/A","N/A","N/A","N/A","N/A","N/A"
"CCE","Coca-Cola Enterprises","11,175.1","10,579.5","11,367.8","8,949.0","7,861.6","8,324.1","10,416.2","5,868.2"
"CCI","Crown Castle Int'l Corp.","28,854.5","26,274.5","24,530.8","21,154.8","12,743.3","12,746.9","11,428.2","5,071.2"
"CCL","Carnival Corp.","32,149.2","26,864.8","23,777.5","21,859.2","19,434.4","27,969.0","19,783.1","15,182.8"
"CEG","Constellation Energy Group","N/A","N/A","N/A","N/A","8,000.9","6,119.5","7,068.6","4,996.1"
"CELG","Celgene Corp.","94,090.0","89,510.4","69,227.0","32,937.9","29,574.5","27,818.7","25,573.3","25,380.7"
"CEPH","Cephalon Inc.","N/A","N/A","N/A","N/A","N/A","4,673.6","4,676.3","5,295.5"
"CERN","Cerner","20,584.5","22,135.3","19,161.6","13,338.6","10,385.9","7,886.1","6,741.5","3,085.7"
"CF","CF Industries Holdings Inc.","9,511.8","13,173.2","13,014.8","12,789.1","9,484.7","9,631.7","4,409.2","2,379.0"
"CFC","Countrywide Financial Corp.","N/A","N/A","N/A","N/A","N/A","N/A","N/A","N/A"
"CFN","Carefusion","N/A","12,129.1","8,517.5","6,210.4","5,679.1","5,713.1","5,552.2","N/A"
"CHD","Church & Dwight Co","11,129.7","10,509.5","9,210.6","7,434.5","6,511.1","4,914.6","4,264.7","3,932.5"
"CHK","Chesapeake Energy","2,992.8","12,981.4","18,026.1","11,041.0","14,696.6","16,945.9","16,761.8","9,820.0"
"CHRW","C. H. Robinson Worldwide","8,914.9","10,968.2","8,764.0","10,199.1","11,404.9","13,315.4","9,813.7","9,379.1"
"CI","Cigna Corp.","37,694.6","26,682.1","24,103.0","15,280.4","11,992.4","9,967.1","9,673.0","4,567.0"
"CIEN","Ciena Corp.","N/A","2,076.5","2,481.7","1,579.5","1,179.0","1,980.0","997.7","606.2"
"CINF","Cincinnati Financial","9,695.1","8,484.6","8,536.3","6,383.1","4,934.5","5,133.8","4,250.9","4,709.3"
"CIT","CIT Group Inc.","N/A","N/A","N/A","N/A","N/A","N/A","N/A","1,713.4"
"CL","Colgate-Palmolive","59,752.9","62,735.4","59,989.7","48,910.5","44,348.9","39,771.1","40,595.7","34,366.8"
"CLF","Cliffs Natural Resources","N/A","1,094.2","4,013.4","5,496.1","8,855.1","10,567.0","6,036.5","2,907.0"
"CLX","The Clorox Company","16,372.6","13,648.3","12,045.5","9,581.7","8,632.4","8,708.0","8,554.6","7,724.0"
"CMA","Comerica Inc.","7,392.8","8,385.2","8,666.7","5,712.3","5,091.2","7,456.8","4,470.4","2,987.2"
"CMCSA","Comcast Class A Comm.","137,489.8","150,547.6","136,431.0","98,611.7","64,607.1","61,000.7","49,274.8","48,625.9"
"CME","CME Group Inc.","30,643.9","29,738.1","26,194.3","16,814.1","16,114.1","21,509.0","22,346.0","13,822.7"
"CMG","Chipotle Mexican Grill","14,965.6","21,238.3","16,533.8","9,248.9","10,555.1","6,608.2","2,775.5","1,994.9"
"CMI","Cummins Inc.","15,632.4","26,109.2","26,135.8","20,402.3","16,741.4","21,529.0","9,094.0","5,244.4"
"CMS","CMS Energy","10,025.9","9,562.6","7,124.5","6,438.1","5,610.5","4,643.1","3,568.9","2,288.9"
"CNP","CenterPoint Energy","7,899.6","10,074.9","9,944.2","8,239.0","8,558.3","6,681.0","5,673.4","4,366.5"
"CNX","Consol Energy Inc.","1,809.5","7,785.3","8,716.7","7,321.8","8,333.0","11,023.1","9,018.1","5,160.1"
"COF","Capital One Financial","38,403.0","45,682.4","43,872.6","33,727.3","19,451.2","19,450.5","17,451.2","12,494.4"
"COG","Cabot Oil & Gas","7,321.4","12,229.6","16,139.5","10,446.6","7,917.0","3,936.7","4,518.3","2,687.3"
"COH","Coach Inc.","9,083.2","10,355.3","15,579.0","15,577.8","17,550.0","16,358.3","11,469.8","6,667.3"
"COL","Rockwell Collins","12,119.5","11,193.6","10,001.4","7,957.7","8,122.8","9,012.8","8,708.1","6,180.1"
"COP","ConocoPhillips","57,645.4","85,037.2","86,612.6","70,748.8","93,686.8","97,435.1","75,903.1","76,673.3"
"COST","Costco Co.","70,641.2","62,440.7","52,335.7","43,010.3","36,238.3","31,521.5","25,995.3","22,745.3"
"COV","Covidien","N/A","46,225.2","30,833.9","27,263.0","21,692.9","22,605.4","23,899.5","18,234.6"
"CPB","Campbell Soup","16,292.1","13,728.0","13,503.4","10,920.6","10,537.1","11,224.3","11,458.2","10,533.5"
"CPGX","Columbia Pipeline Group Inc.","7,782.3","N/A","N/A","N/A","N/A","N/A","N/A","N/A"
"CPWR","Compuware","N/A","N/A","2,458.8","2,317.5","1,809.6","2,540.8","1,626.6","1,632.1"
"CRM","Salesforce.com","52,057.6","38,586.8","33,673.8","24,611.0","13,903.8","17,545.6","9,380.0","3,932.4"
"CSC","Computer Sciences Corp.","N/A","8,749.6","8,134.5","6,014.1","3,678.3","7,662.3","8,856.7","5,323.7"
"CSCO","Cisco Systems","137,840.9","142,260.0","119,924.6","104,326.7","97,195.6","112,130.1","137,716.9","95,437.9"
"CSRA","CSRA Inc","4,918.0","N/A","N/A","N/A","N/A","N/A","N/A","N/A"
"CSX","CSX Corp.","25,299.8","35,925.3","29,024.9","20,134.2","22,095.2","23,927.8","19,078.9","12,680.4"
"CTAS","Cintas Corp.","9,829.8","9,199.7","7,139.9","5,040.1","4,516.0","4,062.6","3,985.3","3,549.3"
"CTL","CenturyLink Inc.","13,812.9","22,501.9","18,588.8","24,475.7","23,008.7","14,079.4","10,833.6","2,740.6"
"CTSH","Cognizant Technology Sol.","36,496.3","32,090.9","30,684.2","22,288.1","19,492.7","22,275.8","13,473.5","5,267.6"
"CTX","Centex Corp.","N/A","N/A","N/A","N/A","N/A","N/A","N/A","1,324.0"
"CTXS","Citrix Systems","11,636.8","10,257.5","11,593.0","12,227.8","11,282.6","12,826.2","7,598.4","4,243.9"
"CVC","Cablevision Systems Corp.","7,100.4","5,662.7","4,800.5","3,954.6","3,900.7","9,989.7","7,798.2","5,003.7"
"CVG","Convergys Corp.","N/A","2,024.8","2,121.8","1,737.8","1,473.7","1,608.1","1,323.3","782.7"
"CVH","Coventry Health Care","N/A","N/A","N/A","6,032.9","4,287.4","3,944.9","3,594.7","2,206.5"
"CVS","CVS Health Corp.","108,262.4","109,793.4","84,452.6","59,518.9","52,932.4","47,391.5","44,804.1","41,301.2"
"CVX","Chevron Corp.","169,308.0","212,067.8","240,223.5","211,649.6","211,893.9","183,634.1","154,462.6","150,291.6"
"D","Dominion Resources","40,268.4","44,986.5","37,584.9","29,836.8","30,255.6","24,820.3","23,313.1","20,894.7"
"DAL","Delta Air Lines","39,866.4","40,594.4","23,389.1","10,106.2","6,838.0","10,517.5","8,921.4","7,966.3"
"DD","DuPont","58,368.7","66,914.1","60,226.3","41,967.1","42,397.9","45,755.4","30,431.4","22,830.1"
"DDR","DDR Corp.","N/A","6,605.1","5,507.8","4,921.3","3,362.3","3,600.8","1,862.1","626.7"
"DDS","Dillard's Inc.","N/A","5,156.4","4,272.2","4,001.6","2,219.0","2,275.5","1,362.2","291.6"
"DE","Deere & Co.","25,029.2","30,459.9","34,019.0","33,519.7","31,259.1","35,106.1","22,860.5","16,182.8"
"DELL","Dell, Inc.","N/A","N/A","N/A","17,615.9","26,282.9","26,155.4","28,082.7","19,911.0"
"DF","Dean Foods","N/A","1,823.3","1,630.1","3,063.7","2,058.0","1,611.1","3,262.6","2,768.0"
"DFS","Discover Financial Services","22,921.7","29,417.3","26,422.1","19,192.9","12,691.9","10,093.0","7,986.4","4,574.3"
"DG","Dollar General","20,909.5","21,453.7","19,124.9","14,420.5","13,909.0","10,474.0","7,639.3","N/A"
"DGX","Quest Diagnostics","10,197.9","9,656.6","7,709.8","9,225.9","9,139.8","9,213.6","11,067.2","9,882.3"
"DHI","D. R. Horton","11,837.4","9,239.5","7,220.4","6,354.6","3,994.1","3,809.1","3,455.3","2,238.8"
"DHR","Danaher Corp.","63,649.3","60,365.6","53,893.3","38,431.3","32,350.8","30,960.5","24,269.7","18,023.5"
"DIS","The Walt Disney Co.","173,715.9","160,123.0","129,880.0","89,622.0","68,958.8","70,320.0","60,497.8","41,289.0"
"DISCA","Discovery Com Class A","3,988.8","5,839.1","31,665.1","23,189.3","15,937.3","17,180.4","13,065.5","5,975.5"
"DISCK","Discovery Com Class C","6,921.4","10,500.6","N/A","N/A","N/A","N/A","N/A","N/A"
"DLPH","Delphi Automotive","24,011.9","21,206.5","18,423.2","12,060.2","7,070.4","N/A","N/A","N/A"
"DLTR","Dollar Tree","18,130.9","14,476.0","11,742.8","9,109.1","9,606.0","6,919.9","4,227.4","3,784.2"
"DNB","Dun & Bradstreet","3,755.3","4,342.5","4,640.0","3,248.2","3,569.4","4,071.7","4,319.7","4,114.8"
"DNR","Denbury Resources Inc.","N/A","2,872.8","5,956.0","6,084.1","5,873.6","7,640.0","3,874.2","2,703.4"
"DO","Diamond Offshore Drilling","2,894.1","5,034.7","7,913.9","9,448.6","7,682.6","9,296.7","13,682.9","8,192.7"
"DOV","Dover Corp.","9,501.0","11,691.2","16,402.8","11,480.7","10,657.5","10,900.3","7,775.9","6,123.0"
"DOW","Dow Chemical","57,890.0","53,754.2","53,851.3","38,771.2","33,988.9","39,626.8","31,601.1","13,939.8"
"DPS","Dr Pepper Snapple Group","17,604.7","13,831.2","9,645.6","9,069.8","8,374.9","7,873.6","7,191.3","4,122.4"
"DRI","Darden Restaurants","8,154.8","7,272.8","7,136.8","5,830.1","5,854.5","6,376.2","4,903.7","3,860.3"
"DTE","DTE Energy Co.","14,392.2","15,286.7","11,756.8","10,349.7","9,215.5","7,678.5","7,209.8","5,814.9"
"DTV","DirecTV","N/A","43,587.0","35,863.3","29,435.9","29,560.3","32,281.3","31,121.8","23,464.0"
"DUK","Duke Energy","49,140.2","59,062.8","48,721.1","44,915.2","29,392.0","23,669.5","22,527.9","19,092.7"
"DV","DeVry, Inc.","N/A","3,020.2","2,234.6","1,535.9","2,639.7","3,408.0","4,041.0","4,097.8"
"DVA","DaVita Inc.","14,709.5","16,332.6","13,508.1","11,660.8","7,098.9","6,671.2","6,053.9","5,143.1"
"DVN","Devon Energy Corp.","13,152.0","25,034.9","25,119.2","21,128.2","25,054.2","33,877.1","32,832.5","29,155.5"
"DYN","Dynegy Inc.","N/A","N/A","N/A","N/A","339.9","679.5","1,087.3","1,005.8"
"EA","Electronic Arts","21,358.7","14,576.2","7,088.5","4,370.5","6,839.2","5,470.9","5,804.3","5,148.8"
"EBAY","eBay Inc.","32,994.0","69,721.6","71,001.8","65,994.0","39,019.2","36,115.3","30,537.2","17,897.1"
"ECL","Ecolab Inc.","33,776.9","31,340.6","31,399.3","21,190.5","16,879.0","11,723.3","10,547.4","8,301.7"
"ED","Consolidated Edison","18,843.4","19,332.7","16,190.0","16,266.1","18,167.9","14,455.4","12,771.5","10,656.0"
"EDS","Electronics Data Systems","N/A","N/A","N/A","N/A","N/A","N/A","N/A","N/A"
"EFX","Equifax Inc.","13,194.7","9,655.9","8,422.1","6,516.0","4,633.3","4,364.6","3,898.3","3,349.5"
"EIX","Edison Int'l","19,291.3","21,334.1","15,085.0","14,723.4","13,488.6","12,576.3","11,331.7","10,465.0"
"EK","Eastman Kodak Co.","N/A","N/A","N/A","N/A","N/A","1,441.2","1,131.8","1,766.5"
"EL","Estee Lauder Cos.","19,600.2","28,867.6","29,220.5","23,160.8","21,771.8","15,923.4","9,535.8","6,089.6"
"EMC","EMC Corp.","49,789.3","60,518.2","51,754.9","53,298.4","43,940.7","47,183.1","35,635.7","21,366.7"
"EMN","Eastman Chemical","10,032.5","11,272.6","12,300.0","10,472.6","5,347.9","5,942.1","4,360.5","2,297.9"
"EMR","Emerson Electric Co","31,307.5","42,732.5","49,485.0","38,320.7","34,256.5","43,122.5","32,047.0","27,979.6"
"ENDP","Endo International plc","13,852.0","11,100.2","7,781.8","2,906.1","4,045.5","4,144.4","2,406.4","3,017.2"
"EOG","EOG Resources","38,913.8","50,481.5","45,834.8","32,810.4","26,501.1","23,225.2","24,569.1","16,620.5"
"EP","El Paso Corp.","N/A","N/A","N/A","N/A","20,518.3","9,690.5","6,893.6","5,469.8"
"EQ","Embarq Corp.","N/A","N/A","N/A","N/A","N/A","N/A","N/A","5,120.7"
"EQIX","Equinix Inc","18,739.7","12,454.7","8,799.6","10,063.4","4,732.4","3,751.5","4,173.3","2,007.7"
"EQR","Equity Residential","29,720.1","26,067.5","18,698.0","18,420.9","16,966.9","15,075.7","9,457.0","8,134.5"
"EQT","EQT Corporation","7,951.9","11,475.8","13,546.4","8,853.4","8,189.8","6,688.0","5,750.5","4,390.6"
"ES","Eversource Energy","16,198.9","16,964.9","13,366.3","12,273.2","6,390.1","5,625.2","4,529.2","3,749.4"
"ESRX","Express Scripts","59,113.3","61,478.9","54,337.7","44,177.4","21,656.0","28,542.1","23,766.1","13,615.7"
"ESS","Essex Property Trust Inc","15,809.4","13,156.9","5,370.3","5,344.4","4,761.6","3,577.9","2,413.3","2,025.9"
"ESV","Ensco plc","3,624.0","7,015.8","13,354.4","13,779.6","10,836.2","7,630.7","5,693.4","4,025.7"
"ETFC","E*Trade Financial Corp.","8,684.5","7,017.8","5,643.7","2,560.7","2,271.5","3,533.5","3,333.4","648.1"
"ETN","Eaton Corporation","24,084.1","31,798.5","36,164.6","25,502.5","14,556.4","17,251.6","10,573.6","8,202.2"
"ETR","Entergy Corp.","12,194.5","15,680.0","11,285.5","11,335.3","12,882.8","12,660.6","15,477.4","15,741.3"
"EW","Edwards Lifesciences","17,036.8","13,731.6","7,187.6","10,306.4","8,066.9","9,296.6","4,933.1","3,071.7"
"EXC","Exelon Corp.","25,536.3","31,882.6","23,481.2","25,421.2","28,770.3","27,559.2","32,244.4","36,600.0"
"EXPD","Expeditors Int'l","8,407.2","8,549.8","8,963.0","8,162.8","8,683.7","11,577.8","7,372.1","7,052.3"
"EXPE","Expedia Inc.","17,087.1","10,846.4","9,033.9","8,314.7","3,876.5","6,873.3","7,449.6","2,364.7"
"F","Ford Motor","54,919.7","61,317.1","60,853.2","50,793.1","40,896.0","63,511.7","33,682.7","5,487.6"
"FAST","Fastenal Co.","11,825.3","14,071.5","14,098.8","13,834.7","12,876.2","8,832.6","6,139.0","5,176.3"
"FB","Facebook, Inc.","237,626.0","218,221.9","139,193.6","63,142.6","N/A","N/A","N/A","N/A"
"FCX","Freeport-McMoRan Inc.","7,825.2","24,271.0","39,174.1","32,455.8","34,876.9","56,742.5","34,524.7","9,385.0"
"FDO","Family Dollar Stores","N/A","9,028.8","7,477.5","7,315.1","6,766.6","6,484.8","3,862.7","3,642.1"
"FDX","FedEx Corporation","42,071.6","49,201.4","44,889.2","28,842.8","26,263.8","29,301.0","26,114.0","19,969.5"
"FE","FirstEnergy Corp","13,423.1","16,418.8","13,806.4","17,464.7","18,527.0","11,285.0","14,159.6","14,808.9"
"FFIV","F5 Networks","6,823.9","9,481.6","6,909.0","7,633.5","8,401.4","10,508.1","4,190.8","1,806.2"
"FHN","First Horizon","N/A","3,180.7","2,753.7","2,414.1","2,059.7","3,102.5","2,974.5","2,169.8"
"FII","Federated Investors","N/A","3,455.2","3,018.2","2,113.0","1,571.8","2,713.1","2,830.9","1,734.5"
"FIS","Fidelity Nat. Info. Services","19,779.5","17,649.3","15,628.0","10,206.2","7,962.9","8,243.3","8,730.9","3,091.2"
"FISV","Fiserv Inc","20,902.2","17,054.1","15,158.1","10,542.6","8,229.5","8,602.5","7,427.1","5,670.1"
"FITB","Fifth Third Bancorp","15,966.1","16,794.1","17,987.1","13,408.7","11,699.9","11,689.3","7,751.9","4,769.2"
"FLIR","FLIR Systems","3,877.4","4,509.8","4,237.5","3,254.6","3,885.1","4,736.6","5,002.0","4,337.8"
"FLR","Fluor Corp.","6,686.9","9,011.7","12,949.8","9,537.0","8,491.2","11,689.9","8,054.3","8,146.4"
"FLS","Flowserve Corporation","5,507.0","8,038.1","10,812.6","7,066.2","5,353.9","6,564.1","5,195.0","2,843.6"
"FMC","FMC Corporation","5,228.7","7,603.1","10,027.6","8,056.4","6,008.8","5,711.0","4,043.7","3,243.4"
"FNM","Fannie Mae (FNMA)","N/A","11,861.7","17,331.8","N/A","N/A","N/A","6,741.8","N/A"
"FOSL","Fossil, Inc.","1,759.2","5,622.4","6,561.7","5,551.6","4,932.6","4,558.4","2,245.2","1,110.6"
"FOX","Twenty-First Century Fox Inc Class B","21,743.7","N/A","N/A","N/A","N/A","N/A","N/A","N/A"
"FOXA","Twenty-First Century Fox","31,797.6","81,871.7","79,769.6","51,675.4","39,055.5","33,142.0","31,151.8","20,634.3"
"FRE","Freddie Mac (FHLMC)","N/A","6,695.1","9,425.1","N/A","N/A","N/A","953.1","N/A"
"FRX","Forest Laboratories","N/A","N/A","16,348.0","9,412.7","8,037.7","9,150.1","9,709.7","7,682.1"
"FSLR","First Solar Inc","6,659.7","4,472.9","5,437.1","2,689.3","2,919.2","11,171.7","11,537.2","11,257.1"
"FTI","FMC Technologies Inc.","6,716.5","11,044.9","12,379.0","10,185.0","6,258.2","10,831.8","7,225.3","3,081.7"
"FTR","Frontier Communications","4,681.5","6,666.4","4,642.6","4,259.1","5,118.4","3,039.0","2,431.4","2,864.5"
"GAS","AGL Resources Inc.","7,672.5","6,517.9","5,610.4","4,707.7","4,933.0","2,798.4","2,822.7","2,407.1"
"GD","General Dynamics","43,423.3","45,712.4","33,767.7","24,499.0","23,671.0","26,400.8","26,293.5","22,270.7"
"GE","General Electric","293,989.7","253,766.2","283,589.9","220,107.4","189,082.2","194,874.8","161,096.6","170,459.4"
"GENZ","Genzyme Corp.","N/A","N/A","N/A","N/A","N/A","18,519.6","13,021.8","17,966.6"
"GGP","General Growth Properties","24,012.7","24,892.6","18,287.7","18,640.1","14,048.3","14,580.3","3,611.1","346.9"
"GHC","Graham Holdings","N/A","5,008.7","4,899.9","2,712.8","2,860.4","3,601.3","4,073.8","3,654.7"
"GILD","Gilead Sciences","145,833.0","141,295.7","115,234.5","55,791.3","30,824.6","29,064.4","38,932.3","46,528.1"
"GIS","General Mills Inc.","34,462.7","32,197.9","31,170.6","26,135.4","26,050.3","22,628.5","23,334.5","19,917.0"
"GLW","Corning Inc.","21,624.9","29,212.8","24,930.2","18,551.4","19,664.7","30,158.5","29,988.4","14,752.4"
"GM","General Motors","52,925.6","55,856.0","61,305.0","39,392.6","31,717.0","55,295.0","N/A","1,953.5"
"GMCR","Keurig Green Mountain","13,423.0","21,457.5","11,236.7","6,146.3","6,941.4","4,652.0","3,557.8","954.2"
"GME","GameStop Corp.","2,934.9","3,640.3","5,679.7","2,965.6","3,301.0","3,340.5","3,481.0","3,548.8"
"GNW","Genworth Financial Inc.","N/A","4,222.0","7,684.2","3,694.2","3,215.4","6,434.7","5,545.6","1,226.0"
"GOOG","Alphabet Inc. Class C","262,196.1","178,019.0","N/A","N/A","N/A","N/A","N/A","N/A"
"GOOGL","Alphabet Inc. Class A","226,656.1","179,474.5","376,370.3","233,421.3","209,199.9","190,843.2","197,012.9","96,834.7"
"GPC","Genuine Parts","12,949.0","16,317.3","12,792.4","9,844.8","9,525.8","8,093.0","6,032.5","6,036.5"
"GPS","Gap Inc.","9,927.0","17,728.3","17,429.7","14,371.5","8,996.8","13,018.3","14,162.2","9,292.7"
"GR","Goodrich Corp.","N/A","N/A","N/A","N/A","15,498.5","11,004.6","7,991.9","4,560.9"
"GRMN","Garmin Ltd.","7,075.0","10,133.6","9,014.0","7,970.4","7,749.5","6,023.2","6,148.4","3,841.0"
"GS","Goldman Sachs Group","76,874.6","84,421.9","80,339.7","59,946.1","44,519.9","85,970.6","86,797.6","37,312.4"
"GT","Goodyear Tire & Rubber","8,785.2","7,699.2","5,908.9","3,386.8","3,465.1","2,878.8","3,415.0","1,440.5"
"GWW","W. W. Grainger, Inc.","12,720.4","17,187.7","17,586.7","14,060.3","13,096.4","9,581.8","6,998.6","5,895.7"
"HAL","Halliburton Co.","29,131.9","33,351.8","43,086.8","32,227.0","31,783.7","37,155.3","27,141.2","16,271.1"
"HAR","Harman Int'l Industries","6,696.5","7,322.8","5,544.8","3,029.1","2,669.6","3,225.5","2,449.4","981"
"HAS","Hasbro Inc.","8,394.7","6,847.7","7,209.3","4,628.9","4,102.1","6,483.3","4,395.3","4,061.3"
"HBAN","Huntington Bancshares","8,811.0","8,536.5","8,018.8","5,385.6","4,745.6","5,931.0","2,612.5","2,804.0"
"HBI","Hanesbrands Inc","11,531.3","11,184.0","6,988.7","3,520.0","2,131.7","2,443.7","2,300.0","1,192.4"
"HCA","HCA Inc.","27,570.6","30,858.9","20,973.5","13,371.3","9,637.6","N/A","N/A","N/A"
"HCBK","Hudson City Bancorp","N/A","5,352.6","4,983.0","4,294.4","3,297.3","6,710.4","7,228.8","8,359.4"
"HCN","Welltower Inc","24,074.5","24,879.5","15,511.9","15,958.3","10,484.8","7,007.7","5,468.4","4,418.5"
"HCP","HCP Inc.","17,783.2","20,242.6","16,596.8","20,466.1","16,929.5","13,646.3","8,965.0","7,042.5"
"HD","Home Depot","167,677.3","138,332.3","115,953.4","92,476.8","64,807.5","57,457.1","49,192.9","39,029.4"
"HES","Hess Corporation","13,870.0","21,100.3","27,001.1","18,087.3","19,310.6","25,846.1","19,797.4","17,493.8"
"HET","Harrah's Entertainment","N/A","N/A","N/A","N/A","N/A","N/A","N/A","N/A"
"HIG","Hartford Financial Services","17,801.7","17,988.4","16,197.8","9,790.8","7,243.3","11,775.9","8,908.8","4,935.4"
"HNZ","H. J. Heinz Company","N/A","N/A","N/A","18,530.6","17,305.0","15,890.4","13,584.5","11,838.7"
"HOG","Harley-Davidson","8,708.5","13,964.8","15,230.0","11,040.5","8,961.1","8,165.5","5,904.7","3,950.0"
"HON","Honeywell Int'l Inc.","79,820.5","78,218.4","71,695.6","49,720.6","42,039.6","41,474.0","29,911.3","23,844.0"
"HOT","Starwood Hotels & Res","11,687.5","14,000.3","15,246.3","11,077.4","9,397.9","11,728.7","6,830.7","3,272.6"
"HP","Helmerich & Payne","5,772.0","7,256.8","9,034.1","5,950.6","6,264.2","5,151.1","4,214.2","2,395.8"
"HPC","Hercules Inc.","N/A","N/A","N/A","N/A","N/A","N/A","N/A","N/A"
"HPE","Hewlett Packard Enterprise Co","27,333.0","N/A","N/A","N/A","N/A","N/A","N/A","N/A"
"HPQ","Hewlett-Packard Co","21,388.0","73,601.7","53,407.6","27,761.1","51,108.7","92,216.9","121,778.3","87,683.9"
"HRB","H&R Block, Inc.","7,859.5","9,270.4","7,963.3","5,057.0","4,793.9","3,635.5","7,447.3","7,715.6"
"HRL","Hormel Foods Corp.","20,895.2","13,742.5","11,921.6","8,260.7","7,728.2","6,841.2","5,133.0","4,172.0"
"HRS","Harris Corp.","10,811.5","7,475.0","7,448.2","5,503.0","4,059.2","5,697.4","6,148.9","5,044.4"
"HSH","Hillshire Brands Co","N/A","N/A","4,121.4","3,394.9","11,107.9","11,593.7","8,473.1","6,915.3"
"HSIC","Henry Schein Inc","13,118.1","11,437.8","9,783.2","7,065.0","5,794.1","5,644.1","4,767.2","3,278.3"
"HSP","Hospira Inc.","N/A","10,437.0","6,852.5","5,164.0","5,001.9","9,283.5","8,338.5","4,280.5"
"HST","Host Hotels & Resorts","11,529.7","17,965.4","14,673.3","11,354.5","10,414.3","12,073.0","7,542.3","3,976.5"
"HSY","The Hershey Company","13,941.7","22,973.2","21,769.3","16,161.8","13,913.2","10,704.5","8,160.0","7,887.2"
"HUM","Humana Inc.","26,459.5","22,023.5","16,093.3","10,858.9","14,324.6","9,213.8","7,453.9","6,289.5"
"IACI","IAC/InterActiveCorp","N/A","5,115.2","5,642.5","3,980.5","3,532.2","2,536.2","2,545.4","2,264.6"
"IBM","IBM Corp.","133,506.5","158,919.7","197,772.1","214,031.8","213,886.1","180,220.3","170,868.6","112,698.3"
"ICE","Intercontinental Exchange","28,122.7","24,715.5","25,873.9","8,980.4","8,758.3","8,715.9","8,226.8","5,955.8"
"IFF","Intl Flavors & Fragrances","9,601.1","8,187.7","6,997.4","5,431.5","4,241.9","4,458.9","3,256.5","2,337.8"
"IGT","International Game Tech.","N/A","4,265.9","4,652.6","3,770.6","5,115.3","5,273.4","5,567.2","3,504.0"
"IHRT","iHeartMedia Inc","N/A","N/A","N/A","N/A","N/A","N/A","N/A","N/A"
"ILMN","Illumina Inc","28,101.5","26,511.0","14,124.9","6,890.0","3,719.8","8,019.4","3,665.5","3,152.3"
"INTC","Intel Corp.","162,569.6","172,304.9","128,943.3","101,945.3","121,250.0","115,896.3","112,669.2","81,538.9"
"INTU","Intuit Inc.","25,476.4","25,899.9","21,637.7","17,650.2","15,502.3","15,035.8","9,594.9","7,637.7"
"IP","International Paper Co.","15,629.2","22,510.0","21,394.4","17,524.9","12,933.7","11,921.2","11,600.0","5,044.5"
"IPG","Interpublic Group","9,459.8","8,594.6","7,513.7","4,600.9","4,373.6","5,194.2","3,587.4","1,887.3"
"IR","Ingersoll-Rand PLC","14,433.4","16,879.0","17,414.3","14,177.3","9,053.9","15,453.3","11,457.9","5,531.1"
"IRM","Iron Mountain Inc.","5,703.2","8,111.6","5,809.8","5,899.7","5,301.9","5,003.6","4,632.7","4,993.8"
"ISRG","Intuitive Surgical Inc.","20,407.3","19,359.2","14,671.9","19,712.9","18,196.3","10,026.5","11,682.1","4,975.8"
"ITT","ITT Corp.","N/A","3,706.1","3,938.2","2,174.7","1,792.9","9,567.4","9,087.5","8,351.3"
"ITW","Illinois Tool Works","33,688.4","36,264.0","36,174.2","27,671.7","22,589.3","26,579.6","24,107.1","17,494.0"
"IVZ","Invesco Ltd.","14,190.9","16,989.6","15,764.8","11,516.1","8,960.1","10,771.7","9,849.4","5,436.7"
"JAVA","Sun Microsystems Inc","N/A","N/A","N/A","N/A","N/A","N/A","7,046.2","2,872.6"
"JBHT","J. B. Hunt Transport Services Inc.","8,407.2","9,821.4","9,062.7","7,017.7","5,270.1","4,958.0","4,106.1","3,311.6"
"JBL","Jabil Circuit","N/A","4,237.5","3,543.2","3,974.3","3,999.2","4,228.9","3,613.4","1,393.1"
"JCI","Johnson Controls","25,585.9","31,773.6","34,064.6","20,988.1","21,270.7","25,874.7","18,298.1","10,791.0"
"JCP","J.C. Penney","N/A","1,975.8","2,787.1","4,322.4","7,588.9","7,647.8","6,280.0","4,373.4"
"JEC","Jacobs Engineering Group","5,162.8","5,786.3","8,306.1","5,544.3","5,209.8","5,789.3","4,682.9","5,918.6"
"JNJ","Johnson & Johnson","284,220.5","291,041.6","258,341.3","194,772.1","178,663.7","169,351.3","177,405.8","165,679.9"
"JNPR","Juniper Networks","10,649.5","9,289.6","11,176.7","10,000.2","10,744.0","19,397.0","13,850.8","9,223.4"
"JNS","Janus Capital Group","N/A","2,986.5","2,333.0","1,597.7","1,180.2","2,387.8","2,448.2","1,267.9"
"JNY","Jones Apparel Group Inc.","N/A","N/A","1,192.3","876","854.6","1,342.7","1,371.5","488.7"
"JOY","Joy Global Inc.","N/A","4,563.8","5,979.3","6,756.0","7,880.4","8,981.2","5,312.8","2,351.0"
"JPM","JPMorgan Chase & Co.","243,065.0","233,935.9","219,837.4","167,147.6","126,342.2","165,827.5","171,052.6","117,681.2"
"JWN","Nordstrom","9,158.5","15,092.0","11,816.2","10,539.5","10,319.8","9,238.8","8,181.2","2,867.0"
"K","Kellogg Co.","25,612.3","23,296.8","22,156.3","20,176.7","18,068.8","18,675.1","20,289.4","16,744.6"
"KATE","Kate Spade & Co","N/A","4,077.1","3,942.6","1,451.5","870.3","676.9","534.6","247.3"
"KBH","KB Home","N/A","1,519.4","1,723.4","1,218.7","518.3","1,187.8","1,204.8","1,057.0"
"KEY","KeyCorp","11,018.5","11,945.7","11,953.5","7,795.0","7,328.6","7,793.4","4,875.9","4,217.4"
"KG","King Pharmaceuticals Inc.","N/A","N/A","N/A","N/A","N/A","N/A","3,048.4","2,617.7"
"KHC","Kraft Heinz Co","88,291.1","36,802.2","32,143.0","26,953.0","N/A","N/A","N/A","N/A"
"KIM","Kimco Realty","10,936.2","10,353.2","8,092.2","7,878.3","6,608.7","7,331.9","5,486.9","4,955.4"
"KLAC","KLA-Tencor Corp.","10,814.9","11,438.6","10,737.6","7,935.1","8,044.9","6,461.4","6,222.2","3,701.1"
"KMB","Kimberly-Clark","46,209.1","42,210.9","39,778.3","32,868.6","29,107.7","25,651.0","26,567.1","21,813.3"
"KMI","Kinder Morgan","33,294.2","89,915.0","37,104.4","36,590.2","22,740.7","N/A","N/A","N/A"
"KMX","Carmax Inc.","10,936.2","14,042.9","10,496.2","8,567.3","6,902.9","7,189.1","5,394.5","1,736.8"
"KO","The Coca Cola Co.","186,832.4","184,928.4","182,421.8","162,587.1","158,918.1","152,720.2","132,079.3","104,734.6"
"KORS","Michael Kors Holdings","7,373.0","15,097.3","16,550.8","10,220.0","5,206.1","N/A","N/A","N/A"
"KR","Kroger Co.","40,772.7","31,270.3","20,081.2","13,374.3","13,587.4","13,863.2","13,180.3","17,140.1"
"KSS","Kohl's Corp.","9,041.1","12,269.0","11,974.3","9,541.6","12,189.5","15,812.9","16,556.5","11,041.0"
"KSU","Kansas City Southern","8,149.2","13,471.1","13,649.7","9,193.7","7,475.0","4,912.8","3,202.9","1,742.4"
"L","Loews Corp.","13,606.8","15,670.7","18,679.0","15,966.1","14,931.4","16,130.0","15,451.3","12,291.3"
"LB","L Brands Inc.","27,733.6","25,272.6","17,998.4","13,600.3","11,903.3","9,864.3","6,214.5","3,222.8"
"LDOS","Leidos Holdings Inc","N/A","3,220.5","3,719.2","3,871.4","4,190.9","5,741.3","7,348.7","4,090.8"
"LEG","Leggett & Platt","5,718.8","5,871.7","4,313.0","3,868.0","3,211.8","3,327.5","3,035.4","2,366.8"
"LEH","Lehman Brothers Holdings","N/A","N/A","N/A","N/A","N/A","N/A","N/A","N/A"
"LEN","Lennar Corp.","8,756.9","9,187.8","8,086.5","7,407.2","3,702.1","3,499.4","2,361.1","1,392.0"
"LH","LabCorp","12,512.4","9,128.3","7,830.4","8,099.0","8,407.9","9,003.0","7,880.7","6,969.2"
"LIFE","Life Technologies","N/A","N/A","13,100.4","8,395.8","6,947.5","10,115.0","9,403.9","4,043.6"
"LLL","L-3 Comm's Holdings","9,368.1","10,354.4","9,171.6","6,929.1","6,599.9","7,656.9","10,030.0","8,752.8"
"LLTC","Linear Technology Corp.","10,156.5","10,896.3","10,709.6","7,939.4","6,853.9","7,827.0","6,824.3","4,905.4"
"LLY","Eli Lilly and Co.","93,366.6","76,815.5","57,459.2","57,233.5","48,116.6","40,406.1","41,031.6","45,785.1"
"LM","Legg Mason","4,226.2","6,030.4","5,175.3","3,316.4","3,361.5","5,521.6","4,902.8","3,128.9"
"LMT","Lockheed Martin Corp.","66,729.1","60,467.0","47,422.5","29,625.1","25,968.9","24,188.9","28,105.6","33,043.4"
"LNC","Lincoln National","12,437.9","14,982.1","13,542.4","7,122.9","5,858.3","8,809.1","7,518.4","4,820.8"
"LO","Lorillard Inc.","N/A","22,658.4","18,498.2","14,817.1","15,048.0","12,062.8","12,515.9","9,466.8"
"LOW","Lowe's Cos.","69,584.6","66,048.0","51,036.5","39,427.2","31,496.6","33,958.3","34,126.0","31,634.4"
"LRCX","Lam Research","12,579.5","12,638.4","8,830.1","5,992.0","4,425.4","6,382.1","4,996.5","2,661.9"
"LSI","LSI Corporation","N/A","N/A","6,098.6","3,894.8","3,342.5","3,685.0","3,945.5","2,132.4"
"LUK","Leucadia National Corp.","6,301.1","8,260.2","10,331.0","5,818.6","5,561.8","7,100.0","5,784.1","4,708.7"
"LUV","Southwest Airlines","28,004.3","28,591.1","13,196.9","7,478.5","6,613.1","9,701.7","8,490.1","6,378.7"
"LVLT","Level 3 Comm's","19,366.7","16,856.4","7,784.6","5,046.8","3,532.4","1,637.1","2,515.5","N/A"
"LXK","Lexmark Int'l Inc","N/A","2,529.9","2,202.2","1,481.8","2,361.2","2,736.9","2,029.0","2,090.1"
"LYB","LyondellBasell","39,056.7","38,660.5","44,059.6","32,839.1","18,497.9","19,420.6","N/A","N/A"
"M","Macy's Inc.","10,996.6","22,702.6","19,676.9","15,423.7","13,509.9","10,714.0","7,056.2","4,352.8"
"MA","Mastercard Inc.","107,118.8","99,304.7","99,769.8","60,547.3","47,297.4","29,335.6","33,219.3","18,471.7"
"MAC","Macerich","12,775.5","13,195.6","8,287.8","8,016.7","6,686.9","6,179.5","3,475.2","1,396.2"
"MAR","Marriott Int'l.","17,218.4","22,110.7","14,549.5","11,760.2","9,775.6","15,130.7","9,734.7","6,790.0"
"MAS","Masco Corp.","9,522.2","8,694.0","7,958.1","5,814.3","3,646.0","4,413.3","4,839.0","3,911.1"
"MAT","Mattel Inc.","9,220.2","10,464.2","16,143.9","12,535.0","9,355.1","8,877.6","7,230.8","5,736.0"
"MBI","MBIA Inc","N/A","1,831.1","2,295.5","1,536.0","2,238.5","2,395.0","814.6","846.2"
"MCD","McDonald's Corp.","108,479.7","91,189.2","96,547.8","88,560.8","102,659.5","81,097.5","67,384.4","69,313.6"
"MCHP","Microchip Technology","9,453.3","9,087.1","8,910.5","6,366.2","7,034.9","6,441.9","5,352.0","3,555.4"
"MCK","McKesson Corp.","45,384.4","48,158.6","37,283.4","22,009.9","18,308.9","17,735.8","16,937.5","10,495.8"
"MCO","Moody's Corp","19,837.2","19,580.0","16,789.4","11,234.0","7,491.8","6,125.1","6,347.8","4,724.1"
"MDLZ","Mondelez Int'l","71,258.2","60,440.1","60,200.5","45,250.0","66,048.6","55,081.6","40,168.9","39,450.7"
"MDP","Meredith Corp.","N/A","2,415.9","2,308.5","1,533.3","1,471.1","1,573.6","1,390.3","778.5"
"MDT","Medtronic Inc.","108,161.5","71,478.0","57,390.0","41,430.2","40,162.5","39,686.3","48,817.8","35,190.4"
"MEE","Massey Energy Co.","N/A","N/A","N/A","N/A","N/A","5,479.0","3,593.7","1,174.0"
"MER","Merrill Lynch","N/A","N/A","N/A","N/A","N/A","N/A","N/A","18,620.9"
"MET","MetLife Inc.","53,591.5","61,226.0","60,499.9","35,960.2","32,987.1","43,810.6","28,945.8","27,665.9"
"MFE","McAfee Inc.","N/A","N/A","N/A","N/A","N/A","7,209.5","6,421.7","5,307.7"
"MHFI","McGraw Hill Financial","26,646.2","24,202.6","21,192.2","15,252.9","12,411.7","11,200.5","10,567.1","7,291.1"
"MHK","Mohawk Industries","14,001.0","11,327.8","10,822.9","6,256.3","4,116.5","3,895.4","3,259.8","2,940.1"
"MHS","Medco Health Solutions","N/A","N/A","N/A","N/A","21,659.2","25,153.7","30,324.8","20,675.3"
"MI","Marshall & Iisley Corp.","N/A","N/A","N/A","N/A","N/A","3,658.4","2,863.3","3,619.3"
"MIL","Millipore Inc.","N/A","N/A","N/A","N/A","N/A","N/A","4,029.0","2,847.0"
"MJN","Mead Johnson","15,563.7","20,339.2","16,919.5","13,342.7","14,000.3","12,742.6","8,936.7","N/A"
"MKC","McCormick & Co.","9,949.7","9,540.1","9,035.4","8,417.7","6,700.8","6,193.1","4,761.9","4,145.0"
"MLM","Martin Marietta Materials","9,033.5","7,423.8","4,623.3","4,337.1","3,448.2","4,204.2","4,059.1","4,025.1"
"MMC","Marsh & McLennan","28,925.4","30,917.7","26,441.3","18,803.7","17,048.8","14,777.5","11,695.2","12,481.2"
"MMI","Motorola Mobility","N/A","N/A","N/A","N/A","11,706.0","8,570.8","N/A","N/A"
"MMM","3M Company","92,751.0","104,365.4","93,028.7","63,797.2","57,280.6","61,444.1","58,745.9","39,873.5"
"MNK","Mallinckrodt plc","8,653.1","11,509.6","3,034.3","N/A","N/A","N/A","N/A","N/A"
"MNST","Monster Beverage","30,197.5","18,172.7","11,305.5","8,759.6","8,029.0","4,651.9","3,385.3","3,028.7"
"MO","Altria Group Inc.","114,131.1","97,134.5","76,529.7","63,186.2","60,617.0","51,424.8","40,752.4","31,044.2"
"MOLX","Molex Inc.","N/A","N/A","6,885.5","4,823.5","4,183.7","3,957.7","3,735.3","2,571.1"
"MON","Monsanto Co.","43,375.1","57,776.8","61,178.7","50,644.9","37,518.3","37,360.0","44,583.7","38,548.7"
"MOS","The Mosaic Co.","9,252.0","16,778.2","20,137.3","24,114.0","21,456.5","34,100.3","26,606.1","15,380.1"
"MPC","Marathon Petroleum","27,630.7","24,731.2","27,243.8","20,979.0","11,884.5","N/A","N/A","N/A"
"MRK","Merck & Co.","147,554.9","161,178.0","146,522.7","123,910.4","114,639.6","111,079.1","113,574.5","64,073.8"
"MRO","Marathon Oil Corp.","8,526.7","19,095.8","24,604.1","21,676.6","20,606.1","26,291.3","22,135.0","19,398.2"
"MS","Morgan Stanley","61,591.3","75,947.2","61,194.0","37,749.0","29,161.6","41,165.4","40,239.2","16,803.5"
"MSFT","Microsoft Corp.","443,169.4","382,880.5","310,503.0","223,669.5","217,824.4","234,527.7","268,559.3","172,802.2"
"MSI","Motorola Solutions Inc.","12,085.7","14,744.2","17,178.8","15,373.2","14,757.3","21,351.7","17,941.9","10,084.9"
"MTB","M&T Bank Corp.","19,381.0","16,621.2","15,194.7","12,621.6","9,594.6","10,420.1","7,907.9","6,336.1"
"MTG","MGIC Investment","N/A","3,155.4","2,850.7","537.4","750.4","2,042.6","723.1","435.2"
"MTW","The Manitowoc Company","N/A","2,995.5","3,118.3","2,081.8","1,212.0","1,722.5","1,303.2","1,128.9"
"MU","Micron Technology","15,374.3","37,581.7","23,011.5","6,478.1","6,212.6","7,994.3","8,974.1","2,016.3"
"MUR","Murphy Oil","3,862.0","8,967.2","11,899.4","11,352.7","10,798.1","14,375.9","10,358.4","8,458.2"
"MWW","Monster Worldwide Inc.","N/A","406.3","658.6","624.5","932.8","2,861.9","2,082.1","1,434.0"
"MYL","Mylan Inc.","26,593.2","21,097.8","16,127.6","10,848.4","9,156.5","9,215.0","5,648.5","3,013.8"
"NAVI","Navient","4,148.4","8,681.5","11,272.8","7,753.0","6,817.3","6,634.2","5,465.9","4,160.3"
"NBL","Noble Energy Inc.","14,112.3","17,297.4","24,672.3","18,269.9","16,793.9","15,218.1","12,461.2","8,548.7"
"NBR","Nabors Industries Ltd.","N/A","3,756.9","5,014.9","4,196.0","4,986.2","6,695.3","6,201.2","3,406.4"
"NCC","National City Corp.","N/A","N/A","N/A","N/A","N/A","N/A","N/A","3,698.6"
"NDAQ","NASDAQ OMX Group","9,553.7","8,095.4","6,740.4","4,138.5","4,253.8","4,171.3","4,189.7","4,988.9"
"NE","Noble Corp.","N/A","4,101.1","9,496.7","8,801.1","7,626.1","9,023.9","10,509.7","5,785.3"
"NEE","NextEra Energy","47,845.1","47,086.5","37,244.7","29,336.6","25,326.1","21,880.6","21,847.5","20,580.7"
"NEM","Newmont Mining Corp.","9,518.8","9,424.9","11,461.5","23,067.8","29,688.6","30,268.3","23,216.4","18,507.8"
"NFLX","Netflix Inc.","48,884.6","20,638.7","21,945.5","5,146.8","3,838.6","9,273.8","2,944.0","1,759.4"
"NFX","Newfield Exploration Co.","5,320.7","3,724.4","3,355.1","3,623.7","5,081.7","9,680.5","6,414.8","2,608.5"
"NI","NiSource Inc.","6,217.3","13,406.3","10,313.7","7,722.9","6,710.9","4,913.4","4,254.7","3,008.7"
"NKE","Nike, Inc.","84,342.0","83,073.6","69,832.3","23,109.4","44,225.4","40,873.0","32,206.0","24,689.1"
"NLSN","Nielsen Holdings","16,965.1","38,646.7","40,750.3","13,699.9","13,625.1","N/A","N/A","N/A"
"NOC","Northrop Grumman Corp.","34,435.7","127,345.0","101,773.7","30,266.1","26,837.2","30,996.9","27,224.2","21,803.9"
"NOV","National Oilwell Varco Inc.","12,583.8","56,617.9","70,622.6","30,611.0","31,201.5","32,178.8","21,491.8","11,831.4"
"NOVL","Novell, Inc.","N/A","N/A","N/A","N/A","N/A","2,832.7","2,022.9","1,883.1"
"NRG","NRG Energy","3,697.9","23,284.8","25,503.4","10,296.2","8,315.5","9,349.8","11,508.7","11,294.1"
"NSC","Norfolk Southern Corp.","25,256.0","94,703.0","82,433.0","27,695.4","33,436.4","30,059.1","25,552.2","22,776.9"
"NSM","National Semiconductor","N/A","N/A","N/A","N/A","N/A","6,584.1","7,487.3","4,874.9"
"NTAP","NetApp","7,755.9","35,812.8","36,532.3","15,025.6","16,644.8","26,298.1","16,748.9","6,762.9"
"NTRS","Northern Trust Corp.","16,668.6","58,233.6","54,958.3","22,464.5","18,200.5","26,513.4","25,542.5","25,241.0"
"NUE","Nucor Corp.","12,880.5","42,379.2","47,401.4","19,329.5","18,159.2","20,967.7","22,739.6","22,365.4"
"NVDA","Nvidia Corp.","17,732.5","17,323.2","14,225.8","5,490.7","6,360.5","7,368.8","9,105.6","3,906.7"
"NWL","Newell Rubbermaid Co.","11,778.3","32,909.8","28,780.1","9,973.8","7,411.4","8,699.0","7,316.7","4,734.5"
"NVLS","Novellus Systems","N/A","N/A","N/A","N/A","18,948.5","15,465.0","11,377.1","5,973.8"
"NWS","News Corp Class B","2,786.8","13,029.1","15,833.0","N/A","N/A","N/A","N/A","N/A"
"NWSA","News Corporation","5,097.4","13,556.2","16,001.8","N/A","N/A","N/A","N/A","N/A"
"NYT","The New York Times Co.","N/A","1,987.5","2,379.4","1,267.6","1,142.9","1,432.3","1,786.2","1,054.1"
"NYX","NYSE Euronext","N/A","N/A","N/A","7,632.7","6,733.8","7,824.8","6,578.0","7,091.4"
"O","Realty Income Corporation","12,892.7","10,729.1","7,745.4","5,366.1","4,657.5","4,037.6","2,702.1","2,412.5"
"ODP","Office Depot Inc.","N/A","4,677.7","2,807.5","937.5","603.1","1,496.6","1,772.1","819.1"
"OI","Owens-Illinois Inc.","2,801.8","4,431.7","5,893.5","3,487.5","3,185.6","5,026.1","5,541.9","4,568.2"
"OKE","ONEOK, Inc.","5,160.8","10,372.4","12,847.6","8,761.0","8,951.2","5,925.1","4,720.3","3,053.1"
"OMC","Omnicom Group","18,329.0","19,111.8","19,157.7","13,089.5","12,188.2","13,075.9","12,073.9","8,272.5"
"OMX","OfficeMax Inc.","N/A","N/A","N/A","848","391.2","1,505.5","1,073.9","580.5"
"ORCL","Oracle Corp.","155,937.2","197,479.8","172,070.9","157,746.8","128,912.7","158,140.7","122,925.2","89,468.7"
"ORLY","O'Reilly Automotive","24,997.3","19,570.8","13,635.5","10,101.2","10,168.0","8,520.8","5,240.3","4,144.6"
"OXY","Occidental Petroleum","51,636.2","62,507.3","76,656.3","62,068.2","76,064.6","79,714.7","66,029.1","48,584.5"
"PAYX","Paychex Inc.","19,090.4","16,766.5","16,582.6","11,311.6","10,912.5","11,179.7","11,073.5","9,482.3"
"PBCT","People's United Bank","5,010.3","4,556.0","4,519.4","4,005.1","4,480.5","4,903.5","5,604.5","5,971.3"
"PBG","Pepsi Bottling Group Inc.","N/A","N/A","N/A","N/A","N/A","N/A","8,287.5","4,749.6"
"PBI","Pitney-Bowes","4,069.1","4,899.1","4,708.5","2,137.4","3,703.4","4,919.0","4,715.8","5,253.5"
"PCAR","PACCAR Inc.","16,753.8","24,109.5","20,963.9","15,977.2","13,369.3","20,946.3","13,202.0","10,373.0"
"PCG","PG&E Corp.","26,087.2","25,337.6","18,394.7","17,306.2","16,993.2","18,907.7","16,577.3","14,026.5"
"PCL","Plum Creek Timber Co.","8,307.9","7,526.8","8,232.3","7,187.9","5,897.1","6,051.9","6,147.3","5,766.8"
"PCLN","Priceline.com Inc","63,472.1","59,214.5","60,454.1","30,939.5","23,291.0","19,636.3","9,955.3","3,018.2"
"PCP","Precision Castparts","31,921.8","34,149.1","39,109.9","27,741.1","23,921.2","19,969.8","15,634.2","8,323.3"
"PCS","MetroPCS","N/A","N/A","N/A","3,612.5","3,140.9","4,484.7","2,691.2","5,211.1"
"PDCO","Patterson Companies","4,495.2","4,959.1","4,326.0","3,645.5","3,276.7","3,764.4","3,435.9","2,286.5"
"PEG","Public Serv. Enterprise Inc.","19,575.7","20,946.7","16,207.7","15,480.3","16,701.3","16,095.1","16,824.2","14,760.5"
"PEP","PepsiCo Inc.","145,568.6","140,705.3","126,815.3","105,655.9","103,771.4","103,286.7","95,152.0","85,057.8"
"PETM","PetSmart, Inc.","N/A","8,081.9","7,322.9","7,198.3","5,647.8","4,598.9","3,224.0","2,349.8"
"PFE","Pfizer Inc.","199,280.7","196,265.5","198,515.2","184,653.4","166,346.0","140,254.2","146,784.9","119,417.4"
"PFG","Principal Financial Group","13,167.9","15,265.2","14,556.3","8,379.2","7,407.1","10,432.2","7,668.8","5,852.4"
"PG","Procter & Gamble","216,040.7","246,136.0","221,291.2","185,626.9","183,540.6","180,072.1","177,144.7","184,576.3"
"PGN","Progress Energy Inc.","N/A","N/A","N/A","N/A","16,526.2","12,736.9","11,467.5","10,484.0"
"PGR","Progressive Corp.","18,577.6","15,864.7","16,247.5","12,757.1","11,959.6","13,161.9","12,100.1","10,019.0"
"PH","Parker-Hannifin","13,187.3","18,369.6","19,184.0","12,687.4","11,506.4","13,970.4","8,663.9","6,834.8"
"PHM","PulteGroup Inc","6,221.6","7,928.6","7,767.1","7,020.8","2,414.3","2,872.9","3,806.9","2,821.8"
"PKI","PerkinElmer","5,996.3","4,918.8","4,643.6","3,651.2","2,263.1","2,987.8","2,409.5","1,629.0"
"PLD","Prologis","22,503.4","21,923.7","18,430.6","16,850.0","13,111.3","8,231.9","6,491.3","3,708.7"
"PLL","Pall Corp.","N/A","11,117.6","9,541.1","6,881.0","6,572.0","5,724.9","4,230.9","3,390.0"
"PM","Philip Morris Int'l","136,198.6","125,995.0","138,449.7","138,308.2","135,449.3","105,458.4","90,942.5","87,336.0"
"PNC","PNC Financial SVCS Group Inc","48,399.0","47,713.3","41,350.1","30,787.7","30,392.1","31,938.7","24,389.0","21,707.0"
"PNR","Pentair Ltd.","8,928.0","12,117.8","15,328.6","10,131.6","3,283.2","3,592.9","3,186.6","2,326.2"
"PNW","Pinnacle West Capital","7,147.6","7,553.1","5,830.8","5,594.7","5,263.5","4,508.5","3,710.5","3,241.5"
"POM","Pepco Holdings Inc.","6,596.6","6,806.0","4,788.7","4,510.6","4,618.3","4,107.7","3,745.2","3,887.8"
"PPG","PPG Industries","26,609.2","31,432.2","26,295.6","20,785.2","12,681.2","13,483.3","9,698.2","6,967.0"
"PPL","PPL Corp.","22,928.3","24,190.3","18,966.4","16,661.1","17,016.7","12,722.9","12,186.8","11,495.9"
"PRGO","Perrigo","21,184.4","23,536.1","20,517.6","9,776.7","9,076.8","5,845.2","3,628.0","2,976.7"
"PRU","Prudential Financial","36,553.1","41,144.2","42,702.9","24,800.2","23,558.4","28,403.8","22,994.6","12,749.1"
"PSA","Public Storage","42,890.7","31,876.6","25,855.7","24,844.4","22,890.3","17,165.6","13,717.3","13,378.9"
"PSX","Phillips 66","43,635.4","39,175.6","45,520.6","33,110.3","N/A","N/A","N/A","N/A"
"PTV","Pactiv LLC","N/A","N/A","N/A","N/A","N/A","N/A","3,194.5","3,272.0"
"PVH","PVH Corp.","6,035.3","10,575.7","11,176.4","8,093.9","4,796.7","4,225.8","2,111.4","1,036.4"
"PWR","Quanta Services Inc.","3,235.1","6,031.9","6,702.1","6,026.0","4,442.1","4,206.5","4,359.1","3,891.9"
"PX","Praxair Inc.","29,168.2","37,476.8","38,246.2","32,422.3","31,912.9","29,022.4","24,613.2","18,215.3"
"PXD","Pioneer Natural Resources","18,729.0","22,178.7","26,253.5","13,148.5","10,903.7","10,011.0","5,509.4","1,853.4"
"PYPL","PayPal Holdings Inc.","44,225.2","N/A","N/A","N/A","N/A","N/A","N/A","N/A"
"Q","Qwest Communications","N/A","N/A","N/A","N/A","N/A","13,426.4","7,280.1","6,212.6"
"QCOM","Qualcomm, Inc.","75,132.2","122,941.8","125,259.8","106,151.8","92,278.9","80,866.7","77,439.2","59,083.7"
"QEP","QEP Resources","N/A","3,546.6","5,483.3","5,400.2","5,180.2","6,386.9","N/A","N/A"
"QLGC","QLogic Corp.","N/A","1,161.8","1,031.2","875.3","1,481.7","1,782.3","2,119.2","1,606.5"
"QRVO","Qorvo","7,194.3","N/A","N/A","N/A","N/A","N/A","N/A","N/A"
"R","Ryder System","3,036.1","4,924.8","3,935.1","2,565.0","2,717.8","2,693.9","2,199.3","2,158.4"
"RAI","Reynolds American Inc.","65,953.0","34,145.6","26,897.3","22,908.3","23,863.5","19,018.9","15,436.7","11,748.4"
"RCL","Royal Caribbean Cruises","22,265.7","18,076.7","10,454.8","7,438.2","5,376.5","10,147.4","5,408.6","2,926.3"
"RDC","Rowan Companies plc","N/A","2,904.8","4,393.0","3,884.1","3,748.2","4,408.9","2,577.2","1,797.3"
"REGN","Regeneron","55,454.7","42,021.9","27,437.8","16,643.9","5,144.0","2,935.7","1,961.1","1,466.8"
"RF","Regions Financial Corp.","12,532.5","14,297.6","13,625.7","10,077.1","5,412.9","8,793.7","6,308.9","5,503.3"
"RHI","Robert Half International","6,254.8","7,889.1","5,772.2","4,436.9","4,043.8","4,473.2","3,973.3","3,142.6"
"RHT","Red Hat Inc.","15,137.9","12,678.4","10,621.0","10,246.6","8,016.5","8,806.2","5,819.3","2,512.7"
"RIG","Transocean","4,503.1","6,640.6","17,829.0","16,055.5","13,429.1","22,179.3","26,597.3","15,085.1"
"RL","Polo Ralph Lauren Corp.","6,556.5","16,164.5","15,820.7","13,597.7","12,744.8","10,670.5","7,984.6","4,500.1"
"ROH","Rohm and Haas Co.","N/A","N/A","N/A","N/A","N/A","N/A","N/A","12,063.5"
"ROK","Rockwell Automation Inc.","13,522.9","15,061.4","16,400.6","11,742.1","10,447.4","10,211.5","6,699.3","4,571.0"
"ROP","Roper Industries","19,131.8","15,659.7","13,772.3","10,968.5","8,381.0","7,235.7","4,898.7","3,894.4"
"ROST","Ross Stores","21,793.3","19,556.1","15,991.6","11,938.8","10,782.8","7,467.5","5,250.3","3,786.0"
"RRC","Range Resources Corp.","4,168.2","9,013.2","13,771.4","10,210.8","9,980.5","7,192.7","7,882.2","5,343.3"
"RRD","R.R. Donnelley","N/A","3,358.6","3,686.9","1,621.8","2,575.8","3,609.3","4,580.9","2,794.8"
"RSG","Republic Services Inc.","15,275.0","14,196.2","11,965.3","10,591.1","10,190.7","11,457.3","10,780.4","9,383.0"
"RSH","RadioShack Corp.","N/A","N/A","260.4","211.1","969.4","2,104.6","2,441.3","1,493.4"
"RTN","Raytheon Co.","37,495.7","33,240.6","28,525.2","18,885.4","16,396.0","16,654.6","19,469.4","20,421.1"
"RX","IMS Health Inc.","N/A","N/A","N/A","N/A","N/A","N/A","3,846.8","2,757.2"
"S","Sprint Corp","N/A","16,458.9","42,290.5","17,066.7","7,010.6","12,639.2","10,881.2","5,228.3"
"SAF","Safeco Corp.","N/A","N/A","N/A","N/A","N/A","N/A","N/A","N/A"
"SBUX","Starbucks Corp.","89,132.5","61,570.3","59,302.0","40,163.5","34,627.1","24,058.9","17,214.3","6,981.5"
"SCG","SCANA Corp.","8,645.0","8,619.1","6,617.1","6,024.5","5,857.8","5,156.2","4,634.6","4,200.8"
"SCHW","Charles Schwab Corp.","43,353.1","39,570.7","33,719.0","18,345.3","14,313.3","20,572.8","21,870.9","18,710.3"
"SE","Spectra Energy Corp.","16,073.6","24,357.3","23,865.4","18,289.8","20,018.3","16,218.5","13,270.0","9,617.1"
"SEE","Sealed Air Corp.","8,805.1","8,932.9","6,680.6","3,406.7","3,305.4","4,054.3","3,474.4","2,358.8"
"SGP","Schering-Plough Corp.","N/A","N/A","N/A","N/A","N/A","N/A","N/A","27,690.8"
"SHLD","Sears Holding Corporation","N/A","3,528.9","5,198.2","4,384.2","3,368.7","8,038.8","9,596.8","4,742.1"
"SHW","Sherwin-Williams Co.","24,169.0","24,910.9","18,373.7","15,885.0","9,271.0","8,963.0","6,746.8","6,992.8"
"SIAL","Sigma-Aldrich Corp.","N/A","16,335.1","11,187.2","8,829.6","7,557.7","8,120.3","6,151.9","5,157.5"
"SIG","Signet Jewelers Limited","9,837.3","10,565.1","6,311.7","4,346.8","3,820.1","3,741.1","2,284.6","739.4"
"SII","Smith International Inc.","N/A","N/A","N/A","N/A","N/A","N/A","6,744.5","5,015.4"
"SJM","J.M. Smucker Co.","14,760.7","10,276.0","10,832.8","9,355.6","8,853.2","7,613.8","7,355.8","5,134.9"
"SLB","Schlumberger Ltd.","87,962.0","108,924.4","117,803.5","92,048.1","91,110.2","113,657.8","77,782.6","50,546.3"
"SLG","SL Green Realty Corp","11,269.9","11,583.6","8,775.5","6,994.3","5,716.6","5,286.4","3,894.4","1,477.4"
"SLM","SLM Corp.","N/A","4,312.1","11,274.1","7,759.9","6,820.6","6,113.6","5,348.6","4,158.8"
"SNA","Snap-On Inc.","9,950.8","7,946.4","6,364.9","4,601.6","2,947.3","3,291.9","2,440.3","2,262.1"
"SNDK","SanDisk Corporation","15,253.2","21,138.5","15,892.0","10,502.3","11,936.0","11,792.0","6,628.8","2,170.8"
"SNI","Scripps Networks Int.","5,223.7","9,943.7","12,633.9","8,623.5","6,666.1","8,675.7","6,879.9","3,602.5"
"SO","Southern Co.","42,529.3","44,580.9","36,468.1","37,149.1","40,046.6","32,240.9","27,310.6","28,756.1"
"SOV","Sovereign Bancorp.","N/A","N/A","N/A","N/A","N/A","N/A","N/A","1,978.6"
"SPG","Simon Property Group Inc.","60,163.2","56,597.6","47,262.3","48,992.7","37,889.9","29,146.8","22,802.8","12,290.0"
"SPLS","Staples Inc.","6,095.1","11,602.6","10,373.9","7,628.7","9,663.9","16,415.2","17,917.9","12,823.7"
"SRCL","Stericycle Inc.","10,249.2","11,126.6","9,932.5","8,021.0","6,599.5","6,897.8","4,673.7","4,440.0"
"SRE","Sempra Energy","23,334.2","27,431.4","21,942.8","17,193.7","13,196.4","12,618.7","13,799.5","10,372.9"
"SSP","E.W. Scripps Co.","N/A","1,273.9","1,216.9","600.2","434.8","592.1","380.5","118.9"
"STI","SunTrust Banks","21,831.8","21,978.2","19,733.7","15,279.5","9,504.3","14,767.9","10,127.9","10,472.4"
"STJ","St. Jude Medical, Inc.","17,459.9","18,641.5","17,910.8","10,684.7","10,962.8","14,065.5","11,936.5","11,382.1"
"STR","Questar Corp.","N/A","4,434.1","4,025.5","3,458.0","3,533.1","3,072.9","7,258.1","5,675.0"
"STT","State Street Corp.","26,775.3","32,592.8","31,860.7","21,561.7","19,648.1","23,246.2","21,549.4","16,973.2"
"STX","Seagate Technology","10,962.5","21,867.5","18,447.1","10,875.3","7,623.7","6,806.2","9,076.8","2,161.8"
"STZ","Constellation Brands","24,663.2","18,985.4","13,373.3","6,496.5","4,131.7","4,631.7","3,534.5","3,449.3"
"SUN","Sunoco Inc.","N/A","N/A","N/A","N/A","4,381.4","4,861.2","3,052.3","5,079.5"
"SUNE","SunEdison Inc","N/A","5,308.7","3,483.0","742.5","909.4","2,566.2","3,097.2","3,205.9"
"SWK","Stanley Black & Decker","15,980.3","15,096.6","12,545.6","11,831.6","11,427.6","11,123.6","4,145.5","2,689.7"
"SWKS","Skyworks Solutions Inc.","14,686.1","13,873.1","5,389.3","3,896.0","3,048.0","5,295.6","2,484.5","918.7"
"SWN","Southwestern Energy","2,733.6","9,673.7","13,880.7","11,728.1","11,145.8","13,009.8","16,671.3","9,948.3"
"SVU","Supervalu Inc.","N/A","2,522.0","1,866.2","526.1","1,721.4","2,041.6","2,694.5","3,095.2"
"SWY","Safeway Inc.","N/A","8,095.2","7,494.4","4,332.6","6,240.5","8,276.3","8,266.9","10,195.0"
"SYF","Synchrony Financial","25,356.6","24,804.5","N/A","N/A","N/A","N/A","N/A","N/A"
"SYK","Stryker Corp.","34,945.4","35,656.7","28,402.9","20,831.6","18,939.5","21,002.1","20,042.2","15,836.2"
"SYMC","Symantec Corp.","14,186.0","17,509.9","16,306.8","12,970.5","11,415.8","12,776.8","14,423.6","11,099.7"
"SYY","Sysco Corp.","23,145.1","23,459.4","21,092.7","18,532.3","17,123.5","17,093.5","16,542.5","13,567.4"
"T","AT&T Inc.","211,690.3","174,231.3","185,222.9","191,472.8","179,202.2","173,635.8","165,405.0","167,950.5"
"TAP","Molson Coors Brewing Co.","16,817.3","13,823.5","10,342.8","7,766.4","7,837.2","9,375.5","8,372.7","8,996.4"
"TDC","Teradata Corp.","3,513.9","6,460.3","7,246.6","10,255.2","8,115.7","6,919.0","5,302.2","2,574.5"
"TE","TECO Energy","6,268.9","4,813.1","3,746.3","3,630.2","4,130.4","3,825.2","3,469.5","2,629.3"
"TEG","Integrys Energy Group Inc.","N/A","6,225.1","4,342.3","4,088.2","4,241.6","3,763.5","3,208.9","3,284.7"
"TEL","TE Connectivity Ltd.","24,959.2","25,738.4","22,633.7","15,590.5","13,116.7","15,759.0","11,269.6","7,424.2"
"TER","Teradyne","N/A","4,286.8","3,378.3","3,173.8","2,502.3","2,555.8","1,876.8","715.9"
"TEX","Terex Corp.","N/A","2,938.6","4,614.7","3,089.3","1,469.9","3,355.4","2,125.6","1,628.1"
"TGNA","TEGNA Inc","5,657.6","7,239.8","6,731.5","4,143.1","3,169.2","3,614.2","3,521.8","1,825.0"
"TGT","Target Corp.","44,731.5","48,598.6","40,045.5","38,182.4","34,281.2","42,333.8","36,018.4","25,991.1"
"THC","Tenet Healthcare Corp.","3,020.0","4,985.0","4,079.7","3,397.4","2,129.1","3,249.9","2,593.3","548.7"
"TIE","Titanium Metals","N/A","N/A","N/A","N/A","2,624.5","3,095.8","2,248.6","1,595.5"
"TIF","Tiffany & Co.","9,781.3","13,819.8","11,904.8","7,278.4","8,393.6","7,906.4","5,432.0","2,926.4"
"TJX","TJX Companies Inc.","47,476.3","46,959.0","44,930.7","30,729.6","24,099.8","17,296.9","14,963.1","8,491.7"
"TLAB","Tellabs Inc.","N/A","N/A","N/A","838","1,474.6","2,457.8","2,182.7","1,630.2"
"TMK","Torchmark Corp.","7,049.5","6,930.0","6,994.5","4,869.2","4,364.1","4,734.0","3,640.9","3,786.4"
"TMO","Thermo Fisher Scientific","56,612.1","50,174.9","40,304.4","22,797.8","16,701.1","21,666.2","19,520.0","14,240.1"
"TRIP","TripAdvisor","11,200.7","10,670.5","11,779.8","5,988.7","3,364.6","N/A","N/A","N/A"
"TROW","T. Rowe Price Group","17,950.8","22,418.9","21,953.9","16,737.0","14,423.8","16,700.4","13,766.9","9,103.0"
"TRV","The Travelers Companies","34,334.2","35,078.7","32,962.7","27,395.7","24,423.8","25,654.5","27,242.2","26,420.4"
"TSCO","Tractor Supply Co.","11,485.6","10,749.6","10,834.4","6,141.4","4,999.2","3,528.9","1,910.9","1,303.3"
"TSN","Tyson Foods","15,681.7","15,017.1","11,386.0","6,878.0","7,615.6","6,500.6","4,620.8","3,310.4"
"TSO","Tesoro Petroleum Co.","12,685.5","9,290.8","7,710.6","6,086.0","3,269.6","2,654.6","1,902.8","1,822.4"
"TSS","Total System Services","9,162.7","6,280.5","6,247.2","4,006.2","3,697.4","2,991.8","3,405.3","2,753.8"
"TT","Trane Inc.","N/A","N/A","N/A","N/A","N/A","N/A","N/A","N/A"
"TWC","Time Warner Cable Inc.","52,558.7","42,698.4","37,655.5","28,933.5","20,024.6","22,998.2","14,590.0","20,956.7"
"TWX","Time Warner Inc.","51,702.4","71,623.5","63,077.2","45,288.2","36,171.9","35,686.1","34,023.2","36,089.8"
"TXN","Texas Instruments","55,599.9","56,480.4","47,545.9","34,231.6","33,262.5","38,160.1","32,649.9","20,120.5"
"TXT","Textron Inc.","11,496.9","11,646.9","10,368.5","6,724.6","5,156.4","6,518.5","5,121.4","3,357.1"
"TYC","Tyco Int'l","13,481.7","18,413.7","18,884.4","13,611.2","21,610.9","19,811.3","16,953.1","10,223.3"
"UA","Under Armour","14,519.2","14,523.5","9,237.6","5,084.1","3,714.8","2,805.6","1,370.3","1,175.5"
"UAL","United Continental Holdings","21,362.0","25,052.0","13,705.2","7,773.2","6,244.2","7,811.1","N/A","N/A"
"UHS","Universal Health Services","10,896.3","10,983.1","7,988.8","4,718.5","3,754.2","4,231.3","2,955.9","1,857.6"
"UIS","Unisys Corp.","N/A","1,465.2","1,477.1","760.9","856.2","1,102.9","1,631.1","314.4"
"UNH","United Health Group Inc.","112,123.6","96,439.9","74,396.4","55,270.6","52,656.5","39,215.5","34,960.6","31,946.6"
"UNM","Unum Group","8,104.4","8,800.6","9,121.4","5,625.7","6,167.5","7,667.4","6,476.9","6,158.8"
"UNP","Union Pacific","66,792.3","105,235.4","76,608.2","59,021.1","50,843.8","45,548.5","32,272.1","24,054.2"
"UPS","United Parcel Service","66,989.8","100,608.9","96,988.8","70,264.7","70,482.0","71,926.8","57,025.8","54,939.4"
"URBN","Urban Outfitters","2,669.1","4,584.6","5,465.2","5,747.2","3,986.1","5,887.6","5,897.8","2,512.3"
"URI","United Rentals, Inc.","6,733.7","9,984.5","7,271.9","4,232.6","1,858.0","1,379.1","590.2","546.2"
"USB","U.S. Bancorp","74,637.4","80,274.7","73,719.9","59,709.7","51,660.7","51,809.4","43,060.3","43,893.4"
"UST","UST Inc.","N/A","N/A","N/A","N/A","N/A","N/A","N/A","10,295.6"
"UTX","United Technologies","85,216.1","104,578.1","104,318.9","75,354.8","66,308.9","72,522.3","65,019.3","50,595.2"
"V","Visa Inc.","150,946.6","129,393.9","112,642.7","80,510.0","52,957.2","34,964.7","41,018.1","23,548.9"
"WAMUQ","Washington Mutual Inc.","N/A","N/A","N/A","N/A","N/A","N/A","N/A","N/A"
"VAR","Varian Medical Systems","7,756.5","8,679.3","8,182.0","7,678.8","7,571.2","8,306.3","5,826.1","4,355.9"
"WAT","Waters Corp.","10,990.3","9,372.3","8,481.9","7,526.3","6,590.2","7,137.5","5,831.6","3,587.7"
"WB","Wachovia Corp.","N/A","N/A","N/A","N/A","N/A","N/A","N/A","11,972.2"
"WBA","Walgreens Boots Alliance","92,716.3","72,057.8","54,577.8","34,978.3","28,878.0","36,067.8","36,271.5","24,399.4"
"WDC","Western Digital","13,914.5","25,682.4","19,884.3","10,240.1","7,273.3","7,864.8","10,066.2","2,564.8"
"WEC","WEC Energy Group Inc","16,197.7","11,893.8","9,341.3","8,440.1","8,057.8","6,879.9","5,825.5","4,908.2"
"WEN","Wendy's International Inc.","N/A","N/A","N/A","N/A","N/A","N/A","N/A","N/A"
"VFC","V.F. Corp.","26,537.7","32,421.2","27,448.9","16,637.6","14,039.6","9,302.1","8,077.3","6,016.4"
"WFC","Wells Fargo","277,660.7","283,438.5","238,675.2","180,002.6","145,037.6","163,078.2","139,771.1","124,660.0"
"WFM","Whole Foods Market","11,432.5","18,166.3","21,507.0","16,901.1","12,547.8","8,780.7","4,676.3","1,325.4"
"WFT","Weatherford Int'l Ltd.","N/A","8,862.3","11,880.8","8,515.6","10,965.4","16,776.4","13,068.0","7,447.6"
"WHR","Whirlpool Corp.","11,484.4","15,111.7","12,078.2","8,038.3","3,606.2","6,751.1","6,049.5","3,040.7"
"VIAB","Viacom Inc.","14,323.7","30,649.3","38,385.9","26,174.9","24,657.6","23,702.6","18,058.0","11,565.6"
"VIAV","VIAVI Solutions Inc","N/A","3,181.0","3,026.7","3,124.8","2,401.2","3,139.8","1,763.3","766.6"
"WIN","Windstream Comm's","N/A","4,967.9","4,757.7","4,870.3","6,883.2","7,029.9","4,800.4","4,042.5"
"VLO","Valero Energy","34,047.1","25,457.8","26,992.7","18,837.5","11,720.9","13,141.1","9,458.8","11,170.8"
"WM","Waste Management Inc.","23,829.4","23,500.5","21,052.4","15,652.0","15,057.4","17,542.8","16,555.1","16,257.5"
"WMB","Williams Companies","19,269.0","33,570.2","26,343.3","22,295.9","19,514.8","14,461.2","12,289.6","8,369.4"
"VMC","Vulcan Materials","12,661.3","8,670.2","7,736.5","6,752.0","5,085.8","5,703.4","6,631.8","7,672.6"
"WMT","Wal-Mart Stores","196,276.0","276,807.6","254,622.9","228,245.6","204,659.9","192,098.3","203,653.7","219,898.3"
"VNO","Vornado Realty Trust","18,846.6","22,116.2","16,629.0","14,953.7","14,225.2","15,304.6","12,674.1","9,371.5"
"WPX","WPX Energy Inc","N/A","2,369.0","4,096.4","2,965.6","3,579.5","N/A","N/A","N/A"
"WRK","WestRock Co","11,729.5","7,400.6","6,569.1","5,570.9","5,113.7","4,401.6","4,899.7","1,911.4"
"VRSK","Verisk Analytics Inc","13,025.6","10,114.3","11,005.3","8,549.0","6,592.8","5,795.8","5,452.0","N/A"
"VRSN","Verisign Inc.","9,741.3","6,751.8","7,994.0","5,954.7","5,694.6","5,643.3","4,443.2","3,654.7"
"VRTX","Vertex Pharmaceuticals Inc.","30,918.6","28,721.6","17,370.5","9,104.3","6,951.0","7,129.4","8,568.1","4,594.8"
"VTR","Ventas Inc.","18,790.2","21,400.4","16,851.1","18,889.6","15,922.0","8,253.3","6,850.2","4,810.1"
"WU","Western Union Co.","9,049.6","9,340.1","9,466.8","7,786.3","11,310.2","12,144.8","12,940.5","10,175.7"
"WWY","Wrigley Co.","N/A","N/A","N/A","N/A","N/A","N/A","N/A","N/A"
"WY","Weyerhaeuser Corp.","15,304.2","18,823.4","18,422.6","15,089.4","10,015.1","10,146.0","9,118.0","6,467.6"
"WYE","Wyeth Corp.","N/A","N/A","N/A","N/A","N/A","N/A","N/A","49,946.6"
"WYN","Wyndham Worldwide","8,435.1","10,381.8","9,459.7","7,305.1","5,563.2","5,194.7","3,602.5","1,161.7"
"WYNN","Wynn Resorts Ltd.","7,027.6","15,090.1","19,652.5","11,346.5","13,820.2","12,938.5","7,179.4","4,733.7"
"VZ","Verizon Communications","188,063.3","194,369.2","140,638.7","123,690.3","113,700.7","101,150.9","93,945.7","96,293.6"
"X","U.S. Steel Corp.","N/A","3,894.8","4,268.1","3,441.1","3,810.3","8,393.4","7,901.5","4,322.6"
"XEC","Cimarex Energy","8,451.8","9,284.9","9,143.1","4,999.2","5,309.4","7,545.9","4,425.2","2,229.7"
"XEL","Xcel Energy Inc.","18,224.2","18,165.9","13,913.3","13,033.4","13,446.7","11,359.0","9,708.3","8,417.8"
"XL","XL Capital","11,666.2","8,770.6","8,859.6","7,485.0","6,240.3","6,903.8","6,271.0","1,224.0"
"XLNX","Xilinx Inc.","12,070.1","11,303.0","12,237.7","9,366.6","8,383.7","7,534.8","6,929.1","4,884.5"
"XOM","Exxon Mobil Corp.","324,501.1","391,482.2","442,093.6","394,611.1","406,272.3","368,711.8","322,668.1","406,067.2"
"XRAY","Dentsply Int'l","8,521.1","7,502.8","6,895.8","5,637.4","4,955.7","4,843.1","5,168.6","4,194.4"
"XRX","Xerox Corp.","10,761.8","15,478.1","14,461.9","8,346.1","10,645.2","16,100.1","7,355.0","6,892.3"
"XTO","XTO Energy Inc.","N/A","N/A","N/A","N/A","N/A","N/A","27,127.7","20,440.1"
"XYL","Xylem Inc.","6,546.9","6,940.2","6,387.2","5,032.5","4,742.4","N/A","N/A","N/A"
"YHOO","Yahoo Inc.","31,409.2","47,319.7","41,019.8","22,193.1","19,194.8","21,765.9","23,593.9","16,977.0"
"YUM","Yum! Brands Inc.","31,502.2","31,616.9","33,495.2","29,946.4","27,144.6","23,004.5","16,400.9","14,458.5"
"ZBH","Zimmer Biomet Holdings","20,905.8","19,247.4","15,823.7","11,438.9","9,508.8","10,499.8","12,070.3","9,037.9"
"ZION","Zions Bancorp","5,576.8","5,788.0","5,533.0","3,941.9","2,997.7","4,428.9","1,930.0","2,827.1"
"ZTS","Zoetis, Inc.","23,860.3","21,572.1","16,345.0","N/A","N/A","N/A","N/A","N/A"